[
  {
    "id": "82d2ccc7-72ff-47b7-88fb-8cbb73c4e88d",
    "data": [
      {
        "text": "Start",
        "userDefined": false
      }
    ],
    "isTemplate": false,
    "count": 0,
    "lang": "en",
    "updated": 0
  },
  {
    "id": "38b903ea-e7a7-4f87-a6a8-2e0263cae6d8",
    "data": [
      {
        "text": "Hi",
        "userDefined": false
      }
    ],
    "isTemplate": false,
    "count": 0,
    "lang": "en",
    "updated": 0
  },
  {
    "id": "59ec01fe-62ad-4cfd-867c-196d6e7f6735",
    "data": [
      {
        "text": "Hello",
        "userDefined": false
      }
    ],
    "isTemplate": false,
    "count": 0,
    "lang": "en",
    "updated": 0
  }
]